공연코드,출연진내용,검색량,출연횟수
PF382485,유상오,0,1
PF387260,"권수민, 김신영, 박고운, 임예린, 김찬욱, 이요한, 김창규 등",2740,17
PF387267,"이소미, 권성준, 김현서",0,2
PF387268,"김상은, 김보라, 이병룡, 이인철, 박선민",0,3
PF387868,"박민, 홍종원, 채다인, 김현수",0,1
PF387867,"장은호, 김성아, 서경연, 원선윤, 송영민, 문지원, 정헌 등",3070,38
PF387866,"양원윤, 엄윤숙, 김헌일, 이경희, 김지혜, 김소정, 박승원 등",0,30
PF388115,진솔 등,1670,31
PF388117,,0,1
PF388119,,0,1
PF388110,이영우 등,0,24
PF389222,,0,1
PF388979,"정나영, 문민영",0,3
PF388977,"이지은, 이재준, 김효준, 추교준, 서주희, 이다영",230,10
PF389753,"김성연, 위수인, 정유민, 김연귀",0,2
PF389866,"류태형, 윤은솔, 박수현, 문서현, 조형준",0,12
PF389714,"인소연, 이상준, 윤솔",0,5
PF389906,"최혜리, 박신혜, 오지환, 이나영",310,7
PF380058,임주영,0,4
PF380682,"정성욱, 최지민, 윤주리, 손효창, 김태영, 우정훈, 김현정 등",0,3
PF381671,"서정혁, 정지은",0,3
PF381531,"백준원, 최혜리",0,2
PF380061,"이상준, 우정훈, 조영진, 곽소영",0,1
PF380040,"하지현, 장가연, 제임스재원문",790,14
PF381417,"하지현, 김광조, 김민지, 장가영, 안경민, 우정훈",0,3
PF381472,"류태형, 송영민",3070,38
PF381071,임봉석,0,4
PF381449,,0,1
PF381464,"박치상, 야로스와브 돔잘, 정지교",0,28
PF381045,"장지은, 김민주, 전예은, 이혜림, 공정연, 박원준, 박소현 등",0,4
PF381047,"김수지, 최재호",0,1
PF381043,"송정민, 박신혜, 경희설, 이언, 윤성준, 김종현",0,27
